Country,LAT,LONG,ALT_NAME,FULL_NAME,2000_Male,2010_Male,2012_Male,2013_Male,2015_MaleAfghanistan,33,66,Afghanistan,Islamic Republic of Afghanistan,141.1,108.4,101.5,100.6,94.6Albania,41,20,Albania,Republic of Albania,28.8,18.3,18.3,16.4,15.3Algeria,28,3,Algeria,People's Democratic Republic of Algeria,42.5,28.8,22.2,26.4,26.8Andorra,42.5,1.5,Andorra,Principality of Andorra,5,3.6,3.5,3.3,3.1Angola,-12.5,18.5,Angola,Republic of Angola,226.7,190.9,171.2,175.5,164.6Antigua and Barbuda,17.05,-61.8,Antigua and Barbuda,Antigua and Barbuda,17.1,10.9,10.9,10.2,8.8Argentina,-34,-64,Argentina,Argentine Republic,22.3,16,15.7,14.6,13.7Armenia,40,45,Armenia,Republic of Armenia,33.3,20,18.2,17.3,15.6Australia,-25,135,Australia,Commonwealth of Australia,6.9,5.3,5.4,4.4,4.1Austria,47.333333,13.333333,Austria,Republic of Austria,6.1,4.8,4.4,4.2,3.9Azerbaijan,40.5,47.5,Azerbaijan,Republic of Azerbaijan,79.5,42,38,36.8,34.2Bahamas,24,-76,Bahamas,Commonwealth of The Bahamas,16.8,14.8,18.1,13.8,12.9Bahrain,26,50.5,Bahrain,Kingdom of Bahrain,13.1,8.6,9.9,6.3,6.4Bangladesh,24,90,Bangladesh,People's Republic of Bangladesh,91,52.5,43.7,43.9,40.4Barbados,13.166667,-59.533333,Barbados,Barbados,17.6,16,19.9,15.7,14.1Belarus,53,28,Belarus,Republic of Belarus,16.4,6.9,5.9,5.5,5.1Belgium,50.833333,4,Belgium,Kingdom of Belgium,6.5,5,4.6,4.9,4.6Belize,17.25,-88.75,Belize,Belize,27.6,20.9,20.2,18.4,18.2Benin,9.5,2.25,Benin,Republic of Benin,149.9,116.2,93.4,89.3,104Bhutan,27.5,90.5,Bhutan,Kingdom of Bhutan,84.4,46.1,48.6,39.6,36.2Bolivia,-17,-65,Bolivia,Plurinational State of Bolivia,85.1,50.9,45.2,42.7,41.9Bosnia and Herzegovina,44.25,17.833333,Bosnia and Herzegovina,Bosnia and Herzegovina,10.2,8.2,7.3,7.3,5.9Botswana,-22,24,Botswana,Republic of Botswana,86.8,57.3,57.5,50.4,47.2Brazil,-10,-55,Brazil,Federative Republic of Brazil,35.1,18.1,16.1,15.3,17.7Brunei,4.5,114.666667,Brunei Darussalam,Negara Brunei Darussalam,10.2,10,8.7,10.7,11.1Bulgaria,43,25,Bulgaria,Republic of Bulgaria,23.3,14.4,13.3,12.8,11.5Burkina Faso,13,-2,Burkina Faso,Burkina Faso,192.4,118.7,107.5,102.7,93.7Burundi,-3.5,30,Burundi,Republic of Burundi,160.9,105.4,110.8,88.7,87.5Cote d'Ivoire,8,-5,Cote d'Ivoire,Republic of Cote d'Ivoire,156.9,118.8,115.6,109.2,100.9Cabo Verde,16,-24,Cape Verde,Republic of Cape Verde,38.6,30.4,24.5,28.5,26.9Cambodia,13,105,Cambodia,Kingdom of Cambodia,115.9,47.7,44.2,42.2,32Cameroon,6,12,Cameroon,Republic of Cameroon,158.6,111.3,100.8,100.5,93.5Canada,60,-96,Canada,Canada,6.8,6,5.7,5.6,5.3Central African Republic,7,21,Central African Republic,Central African Republic,182.2,157.3,134.9,145.5,136.6Chad,15,19,Chad,Republic of Chad,198.5,167.5,157,154.6,145.6Chile,-30,-71,Chile,Republic of Chile,11.9,9.6,9.9,8.9,8.7China,35,105,China,People's Republic of China,38.9,16.7,15,13.5,11.3Colombia,4,-72,Colombia,Republic of Colombia,28,20.6,19.6,18.8,17.6Comoros,-12.166667,44.25,Comoros,Union of the Comoros,107.4,91.8,83.1,83.3,79Congo,-1,15,Congo,Republic of the Congo,128.1,65.2,101.4,53.2,49Cook Islands,-16.083333,-161.583333,Cook Islands,Cook Islands,18.6,10.8,11.6,9.6,8.9Costa Rica,10,-84,Costa Rica,Republic of Costa Rica,14.4,11.2,10.8,10.6,10.6Croatia,45.166667,15.5,Croatia,Republic of Croatia,9.2,5.8,5,4.9,4.7Cuba,22,-79.5,Cuba,Republic of Cuba,9.4,6.7,6.1,6.8,6Cyprus,35,33,Cyprus,Republic of Cyprus,7.1,3.9,3.5,3.9,3Czech Republic,49.75,15,Czech Republic,Czech Republic,7.3,4.6,4.2,4,3.8North Korea,40,127,North Korea,Democratic People's Republic of Korea,64.5,34.4,31.8,30.1,27.5Democratic Republic of the Congo,0,25,Democratic Republic of the Congo,Democratic Republic of the Congo,170,123.5,153.9,126,104.9Denmark,56,10,Denmark,Kingdom of Denmark,6.1,4.4,4,3.9,3.9Djibouti,11.5,42.5,Djibouti,Republic of Djibouti,108.4,82.5,86.3,75.7,71.1Dominica,15.5,-61.333333,Dominica,Commonwealth of Dominica,16.4,20.1,13.6,12.3,22.8Dominican Republic,19,-70.666667,Dominican Republic,Dominican Republic,44.9,36.9,29.8,30.9,33.8Ecuador,-2,-77.5,Ecuador,Republic of Ecuador,38.3,28.1,26.1,25,24Egypt,27,30,Egypt,Arab Republic of Egypt,48.1,30.6,22,22.9,25.4El Salvador,13.833333,-88.916667,El Salvador,Republic of El Salvador,35.7,22.2,17.6,17.4,18.6Equatorial Guinea,2,10,Equatorial Guinea,Republic of Equatorial Guinea,160.6,117.6,105.9,101.5,100.5Eritrea,15,39,Eritrea,State of Eritrea,96.4,61,57,54.8,51.3Estonia,59,26,Estonia,Republic of Estonia,12.3,5.1,4,3.8,3.2Ethiopia,8,38,Ethiopia,Federal Democratic Republic of Ethiopia,154.5,81.8,74.2,70.1,64.5Fiji,-18,178,Fiji,Republic of Fiji,26.7,26,24.9,26.1,24.3Finland,64,26,Finland,Republic of Finland,4.7,3.3,2.3,2.8,2.6France,46,2,France,French Republic,6,4.7,4.5,4.6,4.8Gabon,-1,11.75,Gabon,Gabonese Republic,91.7,68.5,67.1,61,55.3Gambia,13.5,-15.5,Gambia,Republic of The Gambia,124.6,86.4,77.9,78.5,74.1Georgia,41.999981,43.499905,Georgia,Georgia,39.9,18.6,22.4,14.6,13.3Germany,51.5,10.5,Germany,Federal Republic of Germany,5.9,4.6,4.5,4.2,4.1Ghana,8,-2,Ghana,Republic of Ghana,107.3,80.4,77.3,84.1,66.7Greece,39,22,Greece,Hellenic Republic,8.4,5,5.1,4.7,4.9Grenada,12.116667,-61.666667,Grenada,Grenada,17.1,14.1,14.6,12.7,12.7Guatemala,15.5,-90.25,Guatemala,Republic of Guatemala,54.7,37.8,35.2,34.2,32.1Guinea,11,-10,Guinea,Republic of Guinea,177.9,117.7,105.9,106.1,99Guinea-Bissau,12,-15,Guinea-Bissau,Republic of Guinea-Bissau,190.4,124.8,138.6,133,99.9Guyana,5,-59,Guyana,Co-operative Republic of Guyana,52.2,46.5,39.8,41.1,44.2Haiti,19,-72.416667,Haiti,Republic of Haiti,111.8,150,81.5,78.6,74.6Honduras,15,-86.5,Honduras,Republic of Honduras,41.1,27,25.5,24.6,22.6Hungary,47,20,Hungary,Republic of Hungary,12.2,7.1,6.7,6.5,6.4Iceland,65,-18,Iceland,Republic of Iceland,4.4,2.6,2.5,2.3,2.2India,20,77,India,Republic of India,86.6,57,54.1,50.8,46.3Indonesia,-5,120,Indonesia,Republic of Indonesia,57,36.8,34.7,32.9,30.3Iran,32,53,Iran,Islamic Republic of Iran,35.7,20,18.5,17.6,16.2Iraq,33,44,Iraq,Republic of Iraq,48.3,39.8,37.7,37.2,34.9Ireland,53,-8,Ireland,Ireland,7.8,4.6,4.3,4.2,3.9Israel,31.5,34.75,Israel,State of Israel,7.4,4.9,4.5,4.3,4.3Italy,42.833333,12.833333,Italy,Italian Republic,5.9,4.3,4.1,3.9,3.8Jamaica,18.25,-77.5,Jamaica,Jamaica,24.8,20.3,18.9,18.7,17.6Japan,36,138,Japan,Japan,4.8,3.4,3.2,3.1,2.9Jordan,31,36,Jordan,Hashemite Kingdom of Jordan,29,21.9,20.1,19.7,18.9Kazakhstan,48,68,Kazakhstan,Republic of Kazakhstan,49.5,24.8,21.5,18.7,16.1Kenya,1,38,Kenya,Republic of Kenya,113.6,66.6,77.7,75.4,53.4Kiribati,-5,-170,Kiribati,Republic of Kiribati,76.1,68.1,64.6,62.8,60.7Kuwait,29.5,47.75,Kuwait,State of Kuwait,13.6,11.5,11.9,10.2,9.2Kyrgyzstan,41,75,Kyrgyzstan,Kyrgyz Republic,53.4,33.2,29.7,26.9,23.7Laos,18,105,Laos,Lao People's Democratic Republic,126.1,86.2,76.6,77.4,72.5Latvia,57,25,Latvia,Republic of Latvia,18.8,10.2,9.4,9.1,8.6Lebanon,33.833333,35.833333,Lebanon,Republic of Lebanon,20.9,10.6,9.7,9.6,8.6Lesotho,-29.5,28.25,Lesotho,Kingdom of Lesotho,124.5,108.1,106.5,105.1,97.1Liberia,6.5,-9.5,Liberia,Republic of Liberia,190.7,94.8,80.1,76.5,74.7Libya,25,17,Libya,Libya,30.9,18.3,16.9,16,14.7Lithuania,56,24,Lithuania,Republic of Lithuania,13,7.3,5.9,5.4,5.6Luxembourg,49.75,6.166667,Luxembourg,Grand Duchy of Luxembourg,5.2,2.6,2.4,2.2,2Madagascar,-20,47,Madagascar,Republic of Madagascar,114.9,64.7,62.3,60,53.6Malawi,-13.5,34,Malawi,Republic of Malawi,181.9,95.9,75.6,72.4,68.3Malaysia,2.5,112.5,Malaysia,Malaysia,11.3,8.8,9.3,9.3,7.7Maldives,3.2,73,Maldives,Republic of Maldives,48.5,14.3,11.5,10.8,9.4Mali,17,-4,Mali,Republic of Mali,228,142.8,133.7,128.5,120.4Malta,35.916667,14.433333,Malta,Republic of Malta,8.4,7.3,7.3,6.6,6.9Marshall Islands,10,167,Marshall Islands,Republic of the Marshall Islands,45.5,43.2,42.3,41.6,39.9Mauritania,20,-12,Mauritania,Islamic Republic of Mauritania,122.8,106.2,91.9,98.1,95.8Mauritius,-20.3,57.583333,Mauritius,Republic of Mauritius,20.8,16.9,16.8,15.9,15Mexico,23,-102,Mexico,United Mexican States,28,18.4,17.7,15.8,14.4Micronesia,5,152,Federated States of Micronesia,Federated States of Micronesia,58.4,44.5,42.1,40.1,38.2Monaco,43.733333,7.4,Monaco,Principality of Monaco,5.7,4.4,4.1,4.1,3.9Mongolia,46,105,Mongolia,Mongolia,72.8,35.6,32.6,37.6,26.6Montenegro,42.5,19.3,Montenegro,Montenegro,14.7,7.2,6.3,5.6,4.9Morocco,32,-5,Morocco,Kingdom of Morocco,54.2,36.4,34.4,33.6,30.3Mozambique,-18.25,35,Mozambique,Republic of Mozambique,177.4,107.8,94.4,91.7,82.9Myanmar,22,98,Burma,Union of Burma,88.9,64.7,57.5,55.4,54.9Namibia,-22,17,Namibia,Republic of Namibia,80.9,58.1,42.5,53.9,49.4Nauru,-0.533333,166.916667,Nauru,Republic of Nauru,45,43.1,40.8,40.2,38.9Nepal,28,84,Nepal,Federal Democratic Republic of Nepal,82.1,47.6,44.1,42.1,37.9Netherlands,52.5,5.75,Netherlands,Kingdom of the Netherlands,6.8,4.9,4.5,4.4,4.2New Zealand,-42,174,New Zealand,New Zealand,8.2,6.9,6.3,6.9,6.2Nicaragua,13,-85,Nicaragua,Republic of Nicaragua,44.2,28.9,27.1,26.1,24.5Niger,16,8,Niger,Republic of Niger,232.1,128.1,117,108.3,99.8Nigeria,10,8,Nigeria,Federal Republic of Nigeria,195.5,137.3,129.3,123.8,114.9Niue,-19.033333,-169.866667,Niue,Niue,25.6,29,27.9,27.1,25.3Norway,62,10,Norway,Kingdom of Norway,5.4,3.6,3.1,3.1,2.9Oman,21,57,Oman,Sultanate of Oman,18.2,12.8,12.7,12.5,12.6Pakistan,30,70,Pakistan,Islamic Republic of Pakistan,115.1,95.2,89.5,89.2,84.6Palau,6,134,Palau,Republic of Palau,29.7,21.5,22.8,19.4,18.2Panama,9,-80,Panama,Republic of Panama,28.7,22,20.5,19.8,18.8Papua New Guinea,-6,147,Papua New Guinea,Independent State of Papua New Guinea,83.6,70.9,67.8,66,61.8Paraguay,-22.993333,-57.996389,Paraguay,Republic of Paraguay,36.7,26.4,24.3,24.1,22.5Peru,-10,-76,Peru,Republic of Peru,41.6,23,19.9,18.2,18.4Philippines,13,122,Philippines,Republic of the Philippines,43.9,35.4,33.4,33.3,31.2Poland,52,20,Poland,Republic of Poland,10.1,6.4,5.4,5.7,5.6Portugal,39.5,-8,Portugal,Portuguese Republic,7.9,4.2,4,4.1,3.9Qatar,25.5,51.25,Qatar,State of Qatar,13.4,9.8,7.9,8.9,8.7South Korea,37,127.5,South Korea,Republic of Korea,6.4,4.4,4.1,4,3.7Moldova,47,29,Moldova,Republic of Moldova,34.7,19.1,19.6,17.1,17.6Romania,46,25,Romania,Romania,29.8,15.4,13.5,13.2,12.2Russia,60,100,Russia,Russian Federation,26.3,13.4,11.5,11.2,10.6Rwanda,-2,30,Rwanda,Republic of Rwanda,192.7,68.6,59,56,45.4Saint Kitts and Nevis,17.333333,-62.75,Saint Kitts and Nevis,Federation of Saint Kitts and Nevis,20.3,13.7,10,11.1,11.4Saint Lucia,13.883333,-60.966667,Saint Lucia,Saint Lucia,19.6,17.6,19.4,15.9,15.6Saint Vincent and the Grenadines,13.083333,-61.2,Saint Vincent and the Grenadines,Saint Vincent and the Grenadines,24.2,22.7,25.4,20.7,20Samoa,-13.803096,-172.178309,Samoa,Independent State of Samoa,23.5,20.3,19.4,19.7,19San Marino,43.933333,12.416667,San Marino,Republic of San Marino,6,3.8,3.5,3.4,3.1Sao Tome and Principe,1,7,Sao Tome and Principe,Democratic Republic of Sao Tome and Principe,-9999,60.7,57.5,55.1,51.5Saudi Arabia,25,45,Saudi Arabia,Kingdom of Saudi Arabia,24.3,18.1,9.3,16.6,15.5Senegal,14,-14,Senegal,Republic of Senegal,140.9,69.6,64.5,60.1,54Serbia,44,21,Serbia,Republic of Serbia,13.9,8.4,7.3,7.3,7.3Seychelles,-4.583333,55.666667,Seychelles,Republic of Seychelles,15.3,15.3,14.1,15.2,14.6Sierra Leone,8.5,-11.5,Sierra Leone,Republic of Sierra Leone,246,168.4,190,168.7,127.3Singapore,1.366667,103.8,Singapore,Republic of Singapore,4.3,3.1,3.1,3,2.9Slovakia,48.666667,19.5,Slovakia,Slovak Republic,12.9,9.2,8.2,7.9,8Slovenia,46.25,15.166667,Slovenia,Republic of Slovenia,6,3.6,3.4,3.2,2.8Solomon Islands,-8,159,Solomon Islands,Solomon Islands,36,34.9,34.4,32.9,30.7Somalia,6,48,Somalia,Somalia,181.6,167,153.8,151.8,143.4South Africa,-30,26,South Africa,South Africa,81.3,58.7,49.1,48.3,46.5South Sudan,8,30,South Sudan,Republic of South Sudan,190.1,116.3,109.2,104.3,97.5Spain,40,-4,Spain,Kingdom of Spain,7,5,4.8,4.5,4.4Sri Lanka,7,81,Sri Lanka,Democratic Socialist Republic of Sri Lanka,17.7,11.9,10.4,10.4,10.7West Bank,31.666667,35.25,West Bank,State of Palestine,32,25.7,24.4,23.6,22.9Sudan,16,30,Sudan,Republic of the Sudan,111.9,85.3,78.6,81.4,74.8Suriname,4,-56,Suriname,Republic of Suriname,38.4,27.7,23.2,25.4,23.8Swaziland,-26.5,31.5,Swaziland,Kingdom of Swaziland,135.2,93.6,84.5,85,65.2Sweden,62,15,Sweden,Kingdom of Sweden,4.5,3.3,3.2,3.3,3.3Switzerland,47,8,Switzerland,Swiss Confederation,6.2,4.9,4.7,4.6,4.3Syria,35,38,Syria,Syrian Arab Republic,25.6,16.8,16.5,16,14.1Tajikistan,39,71,Tajikistan,Republic of Tajikistan,100.9,58,64.1,52.8,49.7Thailand,15,100,Thailand,Kingdom of Thailand,25.5,16.3,15,14.7,13.8Macedonia,41.833333,22,Macedonia,The former Yugoslav Republic of Macedonia,17.1,10.6,-9999,7,5.8Timor-Leste,-8.833333,125.75,Timor-Leste,Democratic Republic of Timor-Leste,116.1,68.4,61.6,59.3,56.7Togo,8,1.166667,Togo,Togolese Republic,129.5,97.5,102.1,90.7,84.4Tonga,-20,-175,Tonga,Kingdom of Tonga,15.7,15.6,14.2,13.4,15Trinidad and Tobago,11,-61,Trinidad and Tobago,Republic of Trinidad and Tobago,31.4,25.9,22.8,23.4,22.4Tunisia,34,9,Tunisia,Tunisian Republic,34.6,18.9,17.4,16.4,15.3Turkey,39.059012,34.911546,Turkey,Republic of Turkey,42.2,20.7,15.6,21,14.6Turkmenistan,40,60,Turkmenistan,Turkmenistan,91.8,68.2,60.3,62.5,58.5Tuvalu,-8,178,Tuvalu,Tuvalu,45.7,34.3,32.5,32,29.5Uganda,2,33,Uganda,Republic of Uganda,159.8,81.7,75.1,72,59.9Ukraine,49,32,Ukraine,Ukraine,20.4,13,12,11,9.9United Arab Emirates,24,54,United Arab Emirates,United Arab Emirates,12.4,9.4,9.3,9.1,7.5United Kingdom,54,-4,United Kingdom,United Kingdom of Great Britain and Northern Ireland,7.2,5.7,5.3,5,4.7Tanzania,-6,35,Tanzania,United Republic of Tanzania,136,67.2,57.6,55.4,52.1United States,39.828175,-98.5795,United States,United States of America,9.3,8.1,7.8,7.5,7.1Uruguay,-33,-56,Uruguay,Oriental Republic of Uruguay,18.7,13.5,7.8,12.1,11.1Uzbekistan,41.707542,63.84911,Uzbekistan,Republic of Uzbekistan,70.7,51.8,45,-9999,44.1Vanuatu,-16,167,Vanuatu,Republic of Vanuatu,30.8,30.8,19.7,18.8,29.8Venezuela,8,-66,Venezuela,Bolivarian Republic of Venezuela,24.1,18.5,17,16.6,16.6Vietnam,16.166667,107.833333,Vietnam,Socialist Republic of Vietnam,38.1,28.2,25.9,26.9,24.6Yemen,15.5,47.5,Yemen,Republic of Yemen,99.9,58.1,64.2,55.2,45.5Zambia,-15,30,Zambia,Republic of Zambia,171.8,87.8,94.1,93.1,68.9Zimbabwe,-19,29,Zimbabwe,Republic of Zimbabwe,113,95.7,96,94.8,76.1