Country,LAT,LONG,ALT_NAME,FULL_NAME,2000_Female,2000_Male,2010_Female,2010_Male,2012_Female,2012_Male,2013_Female,2013_Male,2015_Female,2015_MaleAfghanistan,33,66,Afghanistan,Islamic Republic of Afghanistan,132.7,141.1,101.4,108.4,95.2,101.5,93.8,100.6,87.4,94.6Albania,41,20,Albania,Republic of Albania,23.4,28.8,14.8,18.3,15.2,18.3,13.3,16.4,12.5,15.3Algeria,28,3,Algeria,People's Democratic Republic of Algeria,36.7,42.5,25.8,28.8,17.8,22.2,23.9,26.4,24,26.8Andorra,42.5,1.5,Andorra,Principality of Andorra,4.2,5,3,3.6,2.9,3.5,2.7,3.3,2.6,3.1Angola,-12.5,18.5,Angola,Republic of Angola,206.2,226.7,173.2,190.9,155.6,171.2,159.3,175.5,148.9,164.6Antigua and Barbuda,17.05,-61.8,Antigua and Barbuda,Antigua and Barbuda,13.7,17.1,8.9,10.9,8.8,10.9,8.3,10.2,7.3,8.8Argentina,-34,-64,Argentina,Argentine Republic,18,22.3,13.1,16,12.7,15.7,12,14.6,11.3,13.7Armenia,40,45,Armenia,Republic of Armenia,26.8,33.3,16,20,14.5,18.2,13.8,17.3,12.5,15.6Australia,-25,135,Australia,Commonwealth of Australia,5.6,6.9,4.3,5.3,4.3,5.4,3.5,4.4,3.4,4.1Austria,47.333333,13.333333,Austria,Republic of Austria,4.9,6.1,3.9,4.8,3.6,4.4,3.4,4.2,3.2,3.9Azerbaijan,40.5,47.5,Azerbaijan,Republic of Azerbaijan,68.3,79.5,35.9,42,32.2,38,31.3,36.8,29,34.2Bahamas,24,-76,Bahamas,Commonwealth of The Bahamas,14.5,16.8,12.8,14.8,15.5,18.1,12,13.8,11.2,12.9Bahrain,26,50.5,Bahrain,Kingdom of Bahrain,12.1,13.1,8,8.6,9.2,9.9,5.9,6.3,5.9,6.4Bangladesh,24,90,Bangladesh,People's Republic of Bangladesh,84.9,91,46.4,52.5,37.9,43.7,38.2,43.9,34.7,40.4Barbados,13.166667,-59.533333,Barbados,Barbados,14.9,17.6,13.4,16,16.7,19.9,13.1,15.7,11.8,14.1Belarus,53,28,Belarus,Republic of Belarus,12.2,16.4,5.2,6.9,4.5,5.9,4.3,5.5,3.9,5.1Belgium,50.833333,4,Belgium,Kingdom of Belgium,5.1,6.5,4,5,3.7,4.6,3.9,4.9,3.7,4.6Belize,17.25,-88.75,Belize,Belize,22.2,27.6,17.1,20.9,16.3,20.2,14.8,18.4,14.8,18.2Benin,9.5,2.25,Benin,Republic of Benin,139.3,149.9,106.6,116.2,85.1,93.4,81.2,89.3,94.6,104Bhutan,27.5,90.5,Bhutan,Kingdom of Bhutan,74.5,84.4,38.3,46.1,40.4,48.6,32.6,39.6,29.5,36.2Bolivia,-17,-65,Bolivia,Plurinational State of Bolivia,75.2,85.1,42.8,50.9,37.5,45.2,35.3,42.7,34.7,41.9Bosnia and Herzegovina,44.25,17.833333,Bosnia and Herzegovina,Bosnia and Herzegovina,8.1,10.2,6.5,8.2,5.9,7.3,5.9,7.3,4.8,5.9Botswana,-22,24,Botswana,Republic of Botswana,78.6,86.8,49.6,57.3,48.7,57.5,42.7,50.4,39.8,47.2Brazil,-10,-55,Brazil,Federative Republic of Brazil,28.6,35.1,15,18.1,12.6,16.1,12.1,15.3,14.9,17.7Brunei,4.5,114.666667,Brunei Darussalam,Negara Brunei Darussalam,8.6,10.2,8.4,10,7.2,8.7,9,10.7,9.3,11.1Bulgaria,43,25,Bulgaria,Republic of Bulgaria,18.6,23.3,11.6,14.4,10.8,13.3,10.3,12.8,9.3,11.5Burkina Faso,13,-2,Burkina Faso,Burkina Faso,178.7,192.4,108,118.7,97.1,107.5,92.4,102.7,83.4,93.7Burundi,-3.5,30,Burundi,Republic of Burundi,142.8,160.9,92,105.4,97.5,110.8,76.7,88.7,75.6,87.5Cote d'Ivoire,8,-5,Cote d'Ivoire,Republic of Cote d'Ivoire,133.6,156.9,99,118.8,99.1,115.6,90.7,109.2,83.7,100.9Cabo Verde,16,-24,Cape Verde,Republic of Cape Verde,32.2,38.6,25,30.4,19.6,24.5,23.3,28.5,21.9,26.9Cambodia,13,105,Cambodia,Kingdom of Cambodia,100.4,115.9,38.3,47.7,35,44.2,33.5,42.2,25.2,32Cameroon,6,12,Cameroon,Republic of Cameroon,141.8,158.6,98.1,111.3,88.6,100.8,88.2,100.5,81.7,93.5Canada,60,-96,Canada,Canada,5.6,6.8,5.1,6,4.8,5.7,4.7,5.6,4.5,5.3Central African Republic,7,21,Central African Republic,Central African Republic,167,182.2,142.9,157.3,122,134.9,132,145.5,123.2,136.6Chad,15,19,Chad,Republic of Chad,181.4,198.5,152.3,167.5,142.4,157,140,154.6,131.4,145.6Chile,-30,-71,Chile,Republic of Chile,9.8,11.9,8,9.6,8.2,9.9,7.4,8.9,7.4,8.7China,35,105,China,People's Republic of China,34.8,38.9,14.6,16.7,13.1,15,11.8,13.5,10,11.3Colombia,4,-72,Colombia,Republic of Colombia,22,28,16.3,20.6,15.5,19.6,14.9,18.8,14,17.6Comoros,-12.166667,44.25,Comoros,Union of the Comoros,94.3,107.4,79.8,91.8,71.9,83.1,72.1,83.3,67.8,79Congo,-1,15,Congo,Republic of the Congo,114.8,128.1,55.7,65.2,90.5,101.4,44.8,53.2,40.7,49Cook Islands,-16.083333,-161.583333,Cook Islands,Cook Islands,14.9,18.6,8.8,10.8,9.4,11.6,7.8,9.6,7.3,8.9Costa Rica,10,-84,Costa Rica,Republic of Costa Rica,11.6,14.4,9.1,11.2,8.9,10.8,8.6,10.6,8.7,10.6Croatia,45.166667,15.5,Croatia,Republic of Croatia,7.5,9.2,4.9,5.8,4.2,5,4.1,4.9,3.9,4.7Cuba,22,-79.5,Cuba,Republic of Cuba,7.4,9.4,5.4,6.7,4.9,6.1,5.5,6.8,4.9,6Cyprus,35,33,Cyprus,Republic of Cyprus,6,7.1,3.3,3.9,2.9,3.5,3.3,3.9,2.5,3Czech Republic,49.75,15,Czech Republic,Czech Republic,5.8,7.3,3.6,4.6,3.3,4.2,3.2,4,3,3.8North Korea,40,127,North Korea,Democratic People's Republic of Korea,55.2,64.5,28,34.4,25.6,31.8,24.4,30.1,22.2,27.5Democratic Republic of the Congo,0,25,Democratic Republic of the Congo,Democratic Republic of the Congo,151.5,170,108.3,123.5,137,153.9,110.5,126,91.3,104.9Denmark,56,10,Denmark,Kingdom of Denmark,5,6.1,3.7,4.4,3.3,4,3.2,3.9,3.2,3.9Djibouti,11.5,42.5,Djibouti,Republic of Djibouti,92.7,108.4,69.4,82.5,75.2,86.3,63.3,75.7,59.3,71.1Dominica,15.5,-61.333333,Dominica,Commonwealth of Dominica,14.2,16.4,17.3,20.1,11.5,13.6,10.4,12.3,19.6,22.8Dominican Republic,19,-70.666667,Dominican Republic,Dominican Republic,37.4,44.9,30.5,36.9,24.3,29.8,25.3,30.9,27.7,33.8Ecuador,-2,-77.5,Ecuador,Republic of Ecuador,30.4,38.3,22.2,28.1,20.4,26.1,19.7,25,19,24Egypt,27,30,Egypt,Arab Republic of Egypt,44.8,48.1,27.4,30.6,19.9,22,20.7,22.9,22.5,25.4El Salvador,13.833333,-88.916667,El Salvador,Republic of El Salvador,28.9,35.7,17.8,22.2,14,17.6,13.9,17.4,14.9,18.6Equatorial Guinea,2,10,Equatorial Guinea,Republic of Equatorial Guinea,143.3,160.6,103.6,117.6,94.2,105.9,90.1,101.5,87.6,100.5Eritrea,15,39,Eritrea,State of Eritrea,81.5,96.4,49.9,61,46.5,57,44.6,54.8,41.4,51.3Estonia,59,26,Estonia,Republic of Estonia,9.7,12.3,4.1,5.1,3.2,4,3,3.8,2.6,3.2Ethiopia,8,38,Ethiopia,Federal Democratic Republic of Ethiopia,135.2,154.5,69.3,81.8,62,74.2,58.5,70.1,53.6,64.5Fiji,-18,178,Fiji,Republic of Fiji,22.3,26.7,21.7,26,19.8,24.9,21,26.1,20.3,24.3Finland,64,26,Finland,Republic of Finland,3.8,4.7,2.7,3.3,2.6,2.3,3.2,2.8,2.1,2.6France,46,2,France,French Republic,4.7,6,3.8,4.7,3.6,4.5,3.7,4.6,3.9,4.8Gabon,-1,11.75,Gabon,Gabonese Republic,78.7,91.7,57.8,68.5,56.6,67.1,51,61,45.8,55.3Gambia,13.5,-15.5,Gambia,Republic of The Gambia,112.7,124.6,76.1,86.4,67.9,77.9,68.7,78.5,64.1,74.1Georgia,41.999981,43.499905,Georgia,Georgia,31.2,39.9,14.5,18.6,17.3,22.4,11.4,14.6,10.5,13.3Germany,51.5,10.5,Germany,Federal Republic of Germany,4.8,5.9,3.8,4.6,3.7,4.5,3.5,4.2,3.4,4.1Ghana,8,-2,Ghana,Republic of Ghana,93.7,107.3,68.6,80.4,66.4,77.3,72.3,84.1,56.2,66.7Greece,39,22,Greece,Hellenic Republic,7.1,8.4,4.4,5,4.4,5.1,4,4.7,4.3,4.9Grenada,12.116667,-61.666667,Grenada,Grenada,14.7,17.1,12.2,14.1,12.4,14.6,10.8,12.7,10.9,12.7Guatemala,15.5,-90.25,Guatemala,Republic of Guatemala,46.3,54.7,30.9,37.8,28.7,35.2,27.8,34.2,26,32.1Guinea,11,-10,Guinea,Republic of Guinea,162.1,177.9,105.7,117.7,96.2,105.9,95.1,106.1,88.2,99Guinea-Bissau,12,-15,Guinea-Bissau,Republic of Guinea-Bissau,163.9,190.4,106.4,124.8,119.3,138.6,114.2,133,84.6,99.9Guyana,5,-59,Guyana,Co-operative Republic of Guyana,40.9,52.2,36.4,46.5,30.5,39.8,31.7,41.1,34.4,44.2Haiti,19,-72.416667,Haiti,Republic of Haiti,97.5,111.8,137.7,150,69.4,81.5,66.7,78.6,63.1,74.6Honduras,15,-86.5,Honduras,Republic of Honduras,33.5,41.1,21.7,27,20.1,25.5,19.7,24.6,18.1,22.6Hungary,47,20,Hungary,Republic of Hungary,10.1,12.2,6,7.1,5.7,6.7,5.6,6.5,5.4,6.4Iceland,65,-18,Iceland,Republic of Iceland,3.6,4.4,2.2,2.6,2.1,2.5,1.9,2.3,1.8,2.2India,20,77,India,Republic of India,96.1,86.6,62.9,57,58.7,54.1,54.7,50.8,49.2,46.3Indonesia,-5,120,Indonesia,Republic of Indonesia,47.4,57,29.3,36.8,27.2,34.7,25.6,32.9,23.9,30.3Iran,32,53,Iran,Islamic Republic of Iran,33.6,35.7,18.4,20,16.7,18.5,15.9,17.6,14.9,16.2Iraq,33,44,Iraq,Republic of Iraq,40.9,48.3,33.1,39.8,30.9,37.7,30.6,37.2,28.9,34.9Ireland,53,-8,Ireland,Ireland,6.4,7.8,3.8,4.6,3.6,4.3,3.5,4.2,3.3,3.9Israel,31.5,34.75,Israel,State of Israel,6.4,7.4,4.2,4.9,3.9,4.5,3.7,4.3,3.7,4.3Italy,42.833333,12.833333,Italy,Italian Republic,5.1,5.9,3.7,4.3,3.5,4.1,3.3,3.9,3.2,3.8Jamaica,18.25,-77.5,Jamaica,Jamaica,19.1,24.8,15.7,20.3,14.6,18.9,14.5,18.7,13.7,17.6Japan,36,138,Japan,Japan,4.1,4.8,3,3.4,2.8,3.2,2.7,3.1,2.5,2.9Jordan,31,36,Jordan,Hashemite Kingdom of Jordan,26.2,29,19.7,21.9,18,20.1,17.6,19.7,16.9,18.9Kazakhstan,48,68,Kazakhstan,Republic of Kazakhstan,37.4,49.5,18.3,24.8,15.8,21.5,13.9,18.7,12,16.1Kenya,1,38,Kenya,Republic of Kenya,101.9,113.6,57.5,66.6,68,77.7,65.7,75.4,45.2,53.4Kiribati,-5,-170,Kiribati,Republic of Kiribati,64.7,76.1,57.4,68.1,54.9,64.6,53.4,62.8,50.9,60.7Kuwait,29.5,47.75,Kuwait,State of Kuwait,11.6,13.6,9.9,11.5,10.1,11.9,8.8,10.2,7.9,9.2Kyrgyzstan,41,75,Kyrgyzstan,Kyrgyz Republic,43.7,53.4,26.6,33.2,23.2,29.7,21.4,26.9,18.9,23.7Laos,18,105,Laos,Lao People's Democratic Republic,108.9,126.1,72.9,86.2,66.4,76.6,65,77.4,60.6,72.5Latvia,57,25,Latvia,Republic of Latvia,15.4,18.8,8.6,10.2,7.9,9.4,7.6,9.1,7.2,8.6Lebanon,33.833333,35.833333,Lebanon,Republic of Lebanon,19.1,20.9,9.7,10.6,8.8,9.7,8.7,9.6,7.9,8.6Lesotho,-29.5,28.25,Lesotho,Kingdom of Lesotho,108.5,124.5,93.2,108.1,92.4,106.5,90.6,105.1,83.1,97.1Liberia,6.5,-9.5,Liberia,Republic of Liberia,172.5,190.7,83.6,94.8,69.2,80.1,65.6,76.5,64.8,74.7Libya,25,17,Libya,Libya,25.2,30.9,14.8,18.3,13.7,16.9,13,16,12,14.7Lithuania,56,24,Lithuania,Republic of Lithuania,10.5,13,6.1,7.3,4.9,5.9,4.4,5.4,4.7,5.6Luxembourg,49.75,6.166667,Luxembourg,Grand Duchy of Luxembourg,4.4,5.2,2.2,2.6,2,2.4,1.9,2.2,1.7,2Madagascar,-20,47,Madagascar,Republic of Madagascar,103.2,114.9,55.8,64.7,53.9,62.3,51.9,60,45.3,53.6Malawi,-13.5,34,Malawi,Republic of Malawi,166.5,181.9,85.6,95.9,66.2,75.6,63.3,72.4,59.5,68.3Malaysia,2.5,112.5,Malaysia,Malaysia,9,11.3,7.1,8.8,7.6,9.3,7.6,9.3,6.3,7.7Maldives,3.2,73,Maldives,Republic of Maldives,40.1,48.5,11.6,14.3,9.3,11.5,8.8,10.8,7.7,9.4Mali,17,-4,Mali,Republic of Mali,210.7,228,130.1,142.8,122,133.7,116.7,128.5,108.4,120.4Malta,35.916667,14.433333,Malta,Republic of Malta,7.1,8.4,6.2,7.3,6.2,7.3,5.6,6.6,5.9,6.9Marshall Islands,10,167,Marshall Islands,Republic of the Marshall Islands,37.1,45.5,34.7,43.2,33.2,42.3,33.2,41.6,31.9,39.9Mauritania,20,-12,Mauritania,Islamic Republic of Mauritania,103.8,122.8,89.4,106.2,75.6,91.9,81.7,98.1,79.5,95.8Mauritius,-20.3,57.583333,Mauritius,Republic of Mauritius,16.2,20.8,13.4,16.9,13.4,16.8,12.7,15.9,12,15Mexico,23,-102,Mexico,United Mexican States,23.1,28,15.1,18.4,14.5,17.7,13.1,15.8,11.9,14.4Micronesia,5,152,Federated States of Micronesia,Federated States of Micronesia,49.2,58.4,36.6,44.5,34.5,42.1,32.6,40.1,31,38.2Monaco,43.733333,7.4,Monaco,Principality of Monaco,4.6,5.7,3.5,4.4,3.5,4.1,3.3,4.1,3.1,3.9Mongolia,46,105,Mongolia,Mongolia,52.2,72.8,24.2,35.6,22,32.6,25.7,37.6,17.9,26.6Montenegro,42.5,19.3,Montenegro,Montenegro,12.8,14.7,6.4,7.2,5.5,6.3,5,5.6,4.4,4.9Morocco,32,-5,Morocco,Kingdom of Morocco,45.7,54.2,29.7,36.4,27.7,34.4,27.2,33.6,24.7,30.3Mozambique,-18.25,35,Mozambique,Republic of Mozambique,164.6,177.4,97.5,107.8,84.9,94.4,82.5,91.7,73.9,82.9Myanmar,22,98,Burma,Union of Burma,75.5,88.9,53.6,64.7,47,57.5,45.3,55.4,44.9,54.9Namibia,-22,17,Namibia,Republic of Namibia,70.3,80.9,49.2,58.1,34.7,42.5,45.5,53.9,41.2,49.4Nauru,-0.533333,166.916667,Nauru,Republic of Nauru,37,45,35.4,43.1,33.1,40.8,32.7,40.2,31.6,38.9Nepal,28,84,Nepal,Federal Democratic Republic of Nepal,79.1,82.1,43.2,47.6,39,44.1,37.2,42.1,33.6,37.9Netherlands,52.5,5.75,Netherlands,Kingdom of the Netherlands,5.5,6.8,4,4.9,3.7,4.5,3.6,4.4,3.4,4.2New Zealand,-42,174,New Zealand,New Zealand,6.6,8.2,5.6,6.9,5.1,6.3,5.6,6.9,5.1,6.2Nicaragua,13,-85,Nicaragua,Republic of Nicaragua,36.1,44.2,23.1,28.9,21.5,27.1,20.8,26.1,19.5,24.5Niger,16,8,Niger,Republic of Niger,222,232.1,119,128.1,109.9,117,99.8,108.3,90.9,99.8Nigeria,10,8,Nigeria,Federal Republic of Nigeria,177.7,195.5,123.1,137.3,117.8,129.3,110.7,123.8,102.3,114.9Niue,-19.033333,-169.866667,Niue,Niue,20.6,25.6,23.3,29,22.2,27.9,21.8,27.1,20.4,25.3Norway,62,10,Norway,Kingdom of Norway,4.3,5.4,2.9,3.6,2.5,3.1,2.5,3.1,2.3,2.9Oman,21,57,Oman,Sultanate of Oman,14.9,18.2,10.5,12.8,10.4,12.7,10.3,12.5,10.4,12.6Pakistan,30,70,Pakistan,Islamic Republic of Pakistan,109.3,115.1,88.2,95.2,82.1,89.5,81.9,89.2,77.4,84.6Palau,6,134,Palau,Republic of Palau,23.7,29.7,17.2,21.5,18.6,22.8,15.5,19.4,14.6,18.2Panama,9,-80,Panama,Republic of Panama,23.1,28.7,17.6,22,16.4,20.5,16,19.8,15.1,18.8Papua New Guinea,-6,147,Papua New Guinea,Independent State of Papua New Guinea,73.1,83.6,61.1,70.9,58,67.8,56.5,66,52.5,61.8Paraguay,-22.993333,-57.996389,Paraguay,Republic of Paraguay,30.3,36.7,21.6,26.4,19.7,24.3,19.7,24.1,18.3,22.5Peru,-10,-76,Peru,Republic of Peru,35.4,41.6,18.9,23,16.3,19.9,15,18.2,15.2,18.4Philippines,13,122,Philippines,Republic of the Philippines,35.3,43.9,28.2,35.4,26.1,33.4,26.3,33.3,24.7,31.2Poland,52,20,Poland,Republic of Poland,8.4,10.1,5.3,6.4,4.5,5.4,4.8,5.7,4.7,5.6Portugal,39.5,-8,Portugal,Portuguese Republic,6.5,7.9,3.5,4.2,3.3,4,3.4,4.1,3.3,3.9Qatar,25.5,51.25,Qatar,State of Qatar,11.3,13.4,8.2,9.8,6.9,7.9,7.4,8.9,7.3,8.7South Korea,37,127.5,South Korea,Republic of Korea,5.8,6.4,3.8,4.4,3.5,4.1,3.4,4,3.2,3.7Moldova,47,29,Moldova,Republic of Moldova,27.6,34.7,15.1,19.1,15.5,19.6,13.6,17.1,14,17.6Romania,46,25,Romania,Romania,24,29.8,12.4,15.4,10.8,13.5,10.7,13.2,9.9,12.2Russia,60,100,Russia,Russian Federation,20,26.3,10.5,13.4,9.1,11.5,8.9,11.2,8.4,10.6Rwanda,-2,30,Rwanda,Republic of Rwanda,174.5,192.7,59.4,68.6,50.8,59,48,56,37.8,45.4Saint Kitts and Nevis,17.333333,-62.75,Saint Kitts and Nevis,Federation of Saint Kitts and Nevis,16.7,20.3,11.3,13.7,8.3,10,9.2,11.1,9.6,11.4Saint Lucia,13.883333,-60.966667,Saint Lucia,Saint Lucia,16,19.6,14.5,17.6,15.5,19.4,13,15.9,12.8,15.6Saint Vincent and the Grenadines,13.083333,-61.2,Saint Vincent and the Grenadines,Saint Vincent and the Grenadines,20.1,24.2,18.7,22.7,21.2,25.4,17.1,20.7,16.5,20Samoa,-13.803096,-172.178309,Samoa,Independent State of Samoa,19.7,23.5,16.9,20.3,16.1,19.4,16.3,19.7,15.8,19San Marino,43.933333,12.416667,San Marino,Republic of San Marino,5,6,3.2,3.8,3,3.5,2.8,3.4,2.6,3.1Sao Tome and Principe,1,7,Sao Tome and Principe,Democratic Republic of Sao Tome and Principe,83.9,0,51.9,60.7,48.7,57.5,46.7,55.1,43,51.5Saudi Arabia,25,45,Saudi Arabia,Kingdom of Saudi Arabia,21.3,24.3,15.9,18.1,7.9,9.3,14.5,16.6,13.6,15.5Senegal,14,-14,Senegal,Republic of Senegal,128.6,140.9,59.8,69.6,54.5,64.5,50.1,60.1,44.3,54Serbia,44,21,Serbia,Republic of Serbia,11.2,13.9,6.8,8.4,6,7.3,6,7.3,6,7.3Seychelles,-4.583333,55.666667,Seychelles,Republic of Seychelles,13.1,15.3,13,15.3,12,14.1,13,15.2,12.4,14.6Sierra Leone,8.5,-11.5,Sierra Leone,Republic of Sierra Leone,224.8,246,151.5,168.4,172.9,190,151.9,168.7,113.1,127.3Singapore,1.366667,103.8,Singapore,Republic of Singapore,3.6,4.3,2.6,3.1,2.6,3.1,2.5,3,2.5,2.9Slovakia,48.666667,19.5,Slovakia,Slovak Republic,10.5,12.9,7.5,9.2,6.7,8.2,6.5,7.9,6.6,8Slovenia,46.25,15.166667,Slovenia,Republic of Slovenia,5,6,3,3.6,2.8,3.4,2.6,3.2,2.3,2.8Solomon Islands,-8,159,Solomon Islands,Solomon Islands,30.2,36,29.1,34.9,27.7,34.4,27.2,32.9,25.5,30.7Somalia,6,48,Somalia,Somalia,166.6,181.6,152.8,167,140.7,153.8,138.7,151.8,130.2,143.4South Africa,-30,26,South Africa,South Africa,68.9,81.3,48.8,58.7,40,49.1,39.3,48.3,37.3,46.5South Sudan,8,30,South Sudan,Republic of South Sudan,174.1,190.1,105,116.3,98.4,109.2,93.8,104.3,87.1,97.5Spain,40,-4,Spain,Kingdom of Spain,5.9,7,4.3,5,4.1,4.8,3.8,4.5,3.8,4.4Sri Lanka,7,81,Sri Lanka,Democratic Socialist Republic of Sri Lanka,14.9,17.7,9.9,11.9,8.8,10.4,8.8,10.4,8.8,10.7West Bank,31.666667,35.25,West Bank,State of Palestine,27.4,32,21.7,25.7,20.7,24.4,19.9,23.6,19.3,22.9Sudan,16,30,Sudan,Republic of the Sudan,99.8,111.9,74.9,85.3,67.3,78.6,71.5,81.4,65.1,74.8Suriname,4,-56,Suriname,Republic of Suriname,30.4,38.4,21.9,27.7,18.2,23.2,20,25.4,18.7,23.8Swaziland,-26.5,31.5,Swaziland,Kingdom of Swaziland,121.1,135.2,83,93.6,74.5,84.5,74.9,85,55.9,65.2Sweden,62,15,Sweden,Kingdom of Sweden,3.7,4.5,2.8,3.3,2.6,3.2,2.7,3.3,2.7,3.3Switzerland,47,8,Switzerland,Swiss Confederation,5,6.2,4.1,4.9,3.9,4.7,3.8,4.6,3.6,4.3Syria,35,38,Syria,Syrian Arab Republic,20.9,25.6,13.7,16.8,13.5,16.5,13.2,16,11.6,14.1Tajikistan,39,71,Tajikistan,Republic of Tajikistan,84.7,100.9,46.8,58,52.2,64.1,42.4,52.8,39.7,49.7Thailand,15,100,Thailand,Kingdom of Thailand,19.2,25.5,12.5,16.3,11.4,15,11.3,14.7,10.7,13.8Macedonia,41.833333,22,Macedonia,The former Yugoslav Republic of Macedonia,14.8,17.1,9.1,10.6,6.9,0,6.1,7,5.1,5.8Timor-Leste,-8.833333,125.75,Timor-Leste,Democratic Republic of Timor-Leste,104.1,116.1,59,68.4,51.7,61.6,49.6,59.3,48.2,56.7Togo,8,1.166667,Togo,Togolese Republic,111.5,129.5,84,97.5,88.7,102.1,78.3,90.7,72.1,84.4Tonga,-20,-175,Tonga,Kingdom of Tonga,19.4,15.7,19.1,15.6,11.4,14.2,10.8,13.4,18.4,15Trinidad and Tobago,11,-61,Trinidad and Tobago,Republic of Trinidad and Tobago,25.8,31.4,21.2,25.9,18.5,22.8,19.1,23.4,18.2,22.4Tunisia,34,9,Tunisia,Tunisian Republic,28.7,34.6,15.7,18.9,14.6,17.4,13.9,16.4,12.7,15.3Turkey,39.059012,34.911546,Turkey,Republic of Turkey,36.8,42.2,17.5,20.7,12.8,15.6,17.4,21,12.4,14.6Turkmenistan,40,60,Turkmenistan,Turkmenistan,70.6,91.8,51.4,68.2,45.1,60.3,47.3,62.5,43.9,58.5Tuvalu,-8,178,Tuvalu,Tuvalu,39.3,45.7,28.8,34.3,26.8,32.5,26.3,32,24.6,29.5Uganda,2,33,Uganda,Republic of Uganda,136.5,159.8,68.2,81.7,62.4,75.1,59.7,72,49.1,59.9Ukraine,49,32,Ukraine,Ukraine,16.4,20.4,10.5,13,9.4,12,8.9,11,8.1,9.9United Arab Emirates,24,54,United Arab Emirates,United Arab Emirates,9.8,12.4,7.6,9.4,7.5,9.3,7.3,9.1,6.1,7.5United Kingdom,54,-4,United Kingdom,United Kingdom of Great Britain and Northern Ireland,5.8,7.2,4.7,5.7,4.3,5.3,4.1,5,3.8,4.7Tanzania,-6,35,Tanzania,United Republic of Tanzania,124.9,136,59.4,67.2,50.2,57.6,48.1,55.4,45,52.1United States,39.828175,-98.5795,United States,United States of America,7.6,9.3,6.7,8.1,6.4,7.8,6.2,7.5,5.9,7.1Uruguay,-33,-56,Uruguay,Oriental Republic of Uruguay,14.9,18.7,11.1,13.5,6.5,7.8,10,12.1,9.1,11.1Uzbekistan,41.707542,63.84911,Uzbekistan,Republic of Uzbekistan,55.5,70.7,40,51.8,33.9,45,36.8,0,33.9,44.1Vanuatu,-16,167,Vanuatu,Republic of Vanuatu,25.9,30.8,26.1,30.8,16,19.7,15,18.8,25.2,29.8Venezuela,8,-66,Venezuela,Bolivarian Republic of Venezuela,19,24.1,14.6,18.5,13.4,17,13.2,16.6,13.2,16.6Vietnam,16.166667,107.833333,Vietnam,Socialist Republic of Vietnam,29.2,38.1,21.3,28.2,19.9,25.9,20.5,26.9,18.7,24.6Yemen,15.5,47.5,Yemen,Republic of Yemen,90.6,99.9,50.2,58.1,55.5,64.2,47.1,55.2,38.3,45.5Zambia,-15,30,Zambia,Republic of Zambia,154,171.8,76.2,87.8,82.8,94.1,81.5,93.1,58.9,68.9Zimbabwe,-19,29,Zimbabwe,Republic of Zimbabwe,98.4,113,83,95.7,83,96,81.8,94.8,64.9,76.1